{
  "總訪客數": {
    "total": 42278436.0,
    "mean": 2818562.4,
    "min": 2082547.0,
    "max": 3469499.0,
    "records": 15
  },
  "Total Visitors": {
    "total": 42278436.0,
    "mean": 2818562.4,
    "min": 2082547.0,
    "max": 3469499.0,
    "records": 15
  },
  "中國內地": {
    "total": 29594899.0,
    "mean": 1972993.2666666666,
    "min": 1457782.0,
    "max": 2428649.0,
    "records": 15
  },
  "Mainland China": {
    "total": 29594899.0,
    "mean": 1972993.2666666666,
    "min": 1457782.0,
    "max": 2428649.0,
    "records": 15
  },
  "香港": {
    "total": 6341758.0,
    "mean": 422783.86666666664,
    "min": 312382.0,
    "max": 520424.0,
    "records": 15
  },
  "Hong Kong": {
    "total": 6341758.0,
    "mean": 422783.86666666664,
    "min": 312382.0,
    "max": 520424.0,
    "records": 15
  },
  "台灣": {
    "total": 3382266.0,
    "mean": 225484.4,
    "min": 166603.0,
    "max": 277559.0,
    "records": 15
  },
  "Taiwan": {
    "total": 3382266.0,
    "mean": 225484.4,
    "min": 166603.0,
    "max": 277559.0,
    "records": 15
  },
  "其他": {
    "total": 2959513.0,
    "mean": 197300.86666666667,
    "min": 145780.0,
    "max": 242867.0,
    "records": 15
  },
  "Other": {
    "total": 2959513.0,
    "mean": 197300.86666666667,
    "min": 145780.0,
    "max": 242867.0,
    "records": 15
  }
}